"Var1","Freq"
"0",30
"Brushing Teeth",10737
"Changing Clothes",21212
"Going Out",1366680
"Having Breakfast",1490
"Having Conversation",13321
"Having Dinner",17930
"Having Shower",20085
"Having Snack",33653
"Laundry",986
"Listening to Music",286
"Napping",88679
"Other",25122
"Preparing Breakfast",1024
"Preparing Dinner",24636
"Reading Book",14677
"Shaving",13381
"Sleeping",539714
"Studying",7414
"Talking on the Phone",45063
"Toileting",41939
"Using Internet",78312
"Washing Dishes",8897
"Watching TV",216732
